
{
    "region" : "ap-south-1",
    "configuration" : "Release",
    "framework"     : "net5.0",
    "self-contained" : false,
    "application"    : "GroceryStore",
    "environment"    : "GroceryStore-dev",
    "enable-xray"    : false,
    "enhanced-health-type" : "basic",
    "additional-options"   : "\"aws:autoscaling:launchconfiguration,SecurityGroups\"=\"sg-072d490ec3b9bb681\";\"aws:ec2:vpc,Subnets\"=\"subnet-0e455e9d5a276e31a\"",
    "solution-stack"       : "64bit Amazon Linux 2 v2.5.5 running .NET Core",
    "environment-type"     : "SingleInstance",
    "cname"                : "grocerystore-dev",
    "instance-type"        : "t2.micro",
    "key-pair"             : "",
    "instance-profile"     : "aws-elasticbeanstalk-ec2-role",
    "service-role"         : "aws-elasticbeanstalk-service-role",
    "proxy-server"         : "nginx"
}